username|email
Rafael|metus.Vivamus@Innecorci.co.uk
Yuli|Nulla.semper.tellus@arcu.org
Luke|amet.consectetuer.adipiscing@erosturpisnon.edu
Austin|libero.Donec@semelitpharetra.co.uk
Russell|elit.Etiam.laoreet@volutpatornarefacilisis.com
Reece|cursus@utnisia.ca
Jerome|enim@diam.ca
Plato|Proin.non@pellentesque.edu
Akeem|volutpat@dolor.org
Linus|erat.neque@ipsumCurabitur.com
Harper|mi.tempor@idantedictum.org
Lucas|arcu.Nunc@necquamCurabitur.co.uk
Stewart|mi@anteNunc.edu
Beck|dapibus@metusAeneansed.co.uk
Beck|non.arcu.Vivamus@liberoestcongue.org
Emery|iaculis@molestie.com
Finn|non.bibendum.sed@vulputaterisus.net
Simon|sit.amet.luctus@erosnectellus.edu
Stephen|sit@Proinsed.org
Wang|amet.consectetuer@sagittisDuis.co.uk
Jerry|morbi.tristique@placeratvelitQuisque.ca
Odysseus|leo@Etiamimperdiet.edu
Joseph|egestas.Aliquam@a.edu
Martin|sed.turpis@Donec.ca
Ivor|In.lorem.Donec@iaculis.net
Macon|in@a.co.uk
Howard|Etiam@quisdiam.co.uk
Neville|Class.aptent@diamat.ca
Garrison|sed.dui.Fusce@ultrices.org
Norman|metus.sit.amet@Namac.org
Armand|Lorem@interdum.com
Zachery|dolor.sit.amet@morbitristiquesenectus.ca
Xenos|tortor@Sed.edu
Keegan|cursus@lacinia.co.uk
Finn|eu@Curabituregestasnunc.org
Ezra|iaculis.odio@eratEtiam.org
John|neque.vitae.semper@dolorDonecfringilla.edu
Tobias|ac@magnisdisparturient.org
Kieran|accumsan.sed.facilisis@risusvariusorci.ca
Deacon|felis.adipiscing.fringilla@pharetrafelis.edu
Dale|Nullam@montesnascetur.ca
Kyle|arcu.Morbi.sit@acmattis.ca
Fitzgerald|dui.quis@ametluctusvulputate.edu
Isaiah|arcu@justo.co.uk
Talon|dolor@ac.co.uk
Dexter|lobortis@tinciduntaliquamarcu.com
Isaiah|arcu.eu.odio@Donec.com
Chaney|elementum.at.egestas@Quisqueliberolacus.ca
Octavius|est.ac.mattis@tinciduntcongueturpis.com
Cole|nunc@pharetra.org
Rooney|fringilla@arcu.org
Wyatt|risus.Donec.nibh@eu.edu
Damon|Vestibulum@etlibero.net
Ciaran|Duis.dignissim@enimEtiamgravida.co.uk
Troy|Nam.consequat@consequatlectus.org
Ryder|ut.nulla.Cras@vulputateduinec.edu
Reed|nec.mauris@Donecfeugiatmetus.com
Timothy|magna@atlacus.co.uk
Ronan|tempus@pulvinararcuet.ca
Vernon|scelerisque.scelerisque.dui@ligulatortor.com
Ryan|sit.amet@ac.com
Elvis|tempus.lorem@amet.org
Blaze|vitae.sodales.at@nibhlaciniaorci.org
Holmes|vel.venenatis.vel@eu.net
Oleg|sem.egestas@Mauriseu.org
Kamal|rutrum@Cras.com
August|mattis.ornare@magnisdisparturient.com
Jamal|imperdiet@idsapien.com
Marvin|massa@egetlaoreetposuere.ca
Rigel|amet.ante@sed.net
Anthony|pharetra@aduiCras.com
Caesar|libero.Proin@rutrumeu.org
Cody|purus.accumsan.interdum@molestie.org
Ross|ut@dolor.com
Benjamin|ut.pellentesque.eget@gravidaAliquamtincidunt.ca
Dustin|mattis.Cras.eget@liberolacus.com
Anthony|eget.lacus@tellus.co.uk
Conan|In@sem.co.uk
Lance|at@ultriciesligula.ca
Castor|tristique.senectus@Proinvelnisl.com
Cyrus|vel.sapien@molestieintempus.com
Buckminster|velit.Pellentesque.ultricies@malesuadaaugueut.edu
Ashton|ipsum.Curabitur.consequat@sodales.net
Patrick|sollicitudin.a.malesuada@tincidunt.org
Zane|vulputate.velit@interdumNuncsollicitudin.net
Kasimir|vehicula@nibhenim.net
Todd|enim.non.nisi@lobortisquispede.ca
Carter|magnis@ametultricies.ca
Rigel|tellus@scelerisque.org
Hayes|vel@iaculisaliquet.org
Scott|nisi.sem@ultrices.net
Murphy|et.nunc.Quisque@purus.com
Clark|netus.et.malesuada@Maecenasornareegestas.org
Dillon|est.ac@etmagnisdis.com
Cade|fermentum@Nuncmauris.ca
Gavin|est@aliquamarcu.edu
Nash|at.iaculis.quis@Donecfringilla.co.uk
Leroy|sollicitudin.orci.sem@Quisque.com
Brock|non.sollicitudin@Nuncquis.com
Adrian|eget.nisi.dictum@commodoipsum.net
